Country Name,Country Code,Series Name,Series Code,2019 [YR2019]
Afghanistan,AFG,GDP per capita (constant 2015 US$),NY.GDP.PCAP.KD,559.140953983718
Albania,ALB,GDP per capita (constant 2015 US$),NY.GDP.PCAP.KD,4543.38771048312
Algeria,DZA,GDP per capita (constant 2015 US$),NY.GDP.PCAP.KD,4737.12977369971
American Samoa,ASM,GDP per capita (constant 2015 US$),NY.GDP.PCAP.KD,13288.3565565116
Andorra,AND,GDP per capita (constant 2015 US$),NY.GDP.PCAP.KD,39413.790877787
Angola,AGO,GDP per capita (constant 2015 US$),NY.GDP.PCAP.KD,2666.25391548367
Antigua and Barbuda,ATG,GDP per capita (constant 2015 US$),NY.GDP.PCAP.KD,18357.6788222183
Argentina,ARG,GDP per capita (constant 2015 US$),NY.GDP.PCAP.KD,12716.2242038544
Armenia,ARM,GDP per capita (constant 2015 US$),NY.GDP.PCAP.KD,4561.96779894751
Aruba,ABW,GDP per capita (constant 2015 US$),NY.GDP.PCAP.KD,30317.6073875484
Australia,AUS,GDP per capita (constant 2015 US$),NY.GDP.PCAP.KD,59000.7354442453
Austria,AUT,GDP per capita (constant 2015 US$),NY.GDP.PCAP.KD,46616.3591743242
Azerbaijan,AZE,GDP per capita (constant 2015 US$),NY.GDP.PCAP.KD,5348.45318851823
"Bahamas, The",BHS,GDP per capita (constant 2015 US$),NY.GDP.PCAP.KD,29736.7942241419
Bahrain,BHR,GDP per capita (constant 2015 US$),NY.GDP.PCAP.KD,23384.7592873445
Bangladesh,BGD,GDP per capita (constant 2015 US$),NY.GDP.PCAP.KD,1558.50779749774
Barbados,BRB,GDP per capita (constant 2015 US$),NY.GDP.PCAP.KD,17369.5099699378
Belarus,BLR,GDP per capita (constant 2015 US$),NY.GDP.PCAP.KD,6267.76513932041
Belgium,BEL,GDP per capita (constant 2015 US$),NY.GDP.PCAP.KD,43098.4750626966
Belize,BLZ,GDP per capita (constant 2015 US$),NY.GDP.PCAP.KD,5833.17356188628
Benin,BEN,GDP per capita (constant 2015 US$),NY.GDP.PCAP.KD,1153.72620994687
Bermuda,BMU,GDP per capita (constant 2015 US$),NY.GDP.PCAP.KD,107036.239271085
Bhutan,BTN,GDP per capita (constant 2015 US$),NY.GDP.PCAP.KD,3448.4941900809
Bolivia,BOL,GDP per capita (constant 2015 US$),NY.GDP.PCAP.KD,3242.94884532224
Bosnia and Herzegovina,BIH,GDP per capita (constant 2015 US$),NY.GDP.PCAP.KD,5558.08143990697
Botswana,BWA,GDP per capita (constant 2015 US$),NY.GDP.PCAP.KD,6485.56819794359
Brazil,BRA,GDP per capita (constant 2015 US$),NY.GDP.PCAP.KD,8592.21120694388
British Virgin Islands,VGB,GDP per capita (constant 2015 US$),NY.GDP.PCAP.KD,..
Brunei Darussalam,BRN,GDP per capita (constant 2015 US$),NY.GDP.PCAP.KD,30313.4138627573
Bulgaria,BGR,GDP per capita (constant 2015 US$),NY.GDP.PCAP.KD,8237.92678290482
Burkina Faso,BFA,GDP per capita (constant 2015 US$),NY.GDP.PCAP.KD,717.374533770247
Burundi,BDI,GDP per capita (constant 2015 US$),NY.GDP.PCAP.KD,270.137277399698
Cabo Verde,CPV,GDP per capita (constant 2015 US$),NY.GDP.PCAP.KD,3667.0573646025
Cambodia,KHM,GDP per capita (constant 2015 US$),NY.GDP.PCAP.KD,1465.96953537797
Cameroon,CMR,GDP per capita (constant 2015 US$),NY.GDP.PCAP.KD,1454.56406902089
Canada,CAN,GDP per capita (constant 2015 US$),NY.GDP.PCAP.KD,45100.2914903262
Cayman Islands,CYM,GDP per capita (constant 2015 US$),NY.GDP.PCAP.KD,82170.5930267913
Central African Republic,CAF,GDP per capita (constant 2015 US$),NY.GDP.PCAP.KD,381.414046354948
Chad,TCD,GDP per capita (constant 2015 US$),NY.GDP.PCAP.KD,652.703215971488
Channel Islands,CHI,GDP per capita (constant 2015 US$),NY.GDP.PCAP.KD,..
Chile,CHL,GDP per capita (constant 2015 US$),NY.GDP.PCAP.KD,13743.8930417408
China,CHN,GDP per capita (constant 2015 US$),NY.GDP.PCAP.KD,10155.5108830542
Colombia,COL,GDP per capita (constant 2015 US$),NY.GDP.PCAP.KD,6404.10876497266
Comoros,COM,GDP per capita (constant 2015 US$),NY.GDP.PCAP.KD,1381.62223950494
"Congo, Dem. Rep.",COD,GDP per capita (constant 2015 US$),NY.GDP.PCAP.KD,494.81924776865
"Congo, Rep.",COG,GDP per capita (constant 2015 US$),NY.GDP.PCAP.KD,1901.05599305146
Costa Rica,CRI,GDP per capita (constant 2015 US$),NY.GDP.PCAP.KD,12662.4228535715
Cote d'Ivoire,CIV,GDP per capita (constant 2015 US$),NY.GDP.PCAP.KD,2256.83795553384
Croatia,HRV,GDP per capita (constant 2015 US$),NY.GDP.PCAP.KD,14321.3344788474
Cuba,CUB,GDP per capita (constant 2015 US$),NY.GDP.PCAP.KD,8043.01419726511
Curacao,CUW,GDP per capita (constant 2015 US$),NY.GDP.PCAP.KD,17980.5298177114
Cyprus,CYP,GDP per capita (constant 2015 US$),NY.GDP.PCAP.KD,28362.083984375
Czechia,CZE,GDP per capita (constant 2015 US$),NY.GDP.PCAP.KD,20206.4256384905
Denmark,DNK,GDP per capita (constant 2015 US$),NY.GDP.PCAP.KD,57203.0277943447
Djibouti,DJI,GDP per capita (constant 2015 US$),NY.GDP.PCAP.KD,2820.06286565541
Dominica,DMA,GDP per capita (constant 2015 US$),NY.GDP.PCAP.KD,7936.3048182003
Dominican Republic,DOM,GDP per capita (constant 2015 US$),NY.GDP.PCAP.KD,8205.14259161047
Ecuador,ECU,GDP per capita (constant 2015 US$),NY.GDP.PCAP.KD,5970.1089450969
"Egypt, Arab Rep.",EGY,GDP per capita (constant 2015 US$),NY.GDP.PCAP.KD,3769.03576992117
El Salvador,SLV,GDP per capita (constant 2015 US$),NY.GDP.PCAP.KD,4104.91789162688
Equatorial Guinea,GNQ,GDP per capita (constant 2015 US$),NY.GDP.PCAP.KD,6472.07088263695
Eritrea,ERI,GDP per capita (constant 2015 US$),NY.GDP.PCAP.KD,..
Estonia,EST,GDP per capita (constant 2015 US$),NY.GDP.PCAP.KD,20327.0158660721
Eswatini,SWZ,GDP per capita (constant 2015 US$),NY.GDP.PCAP.KD,3766.06299935158
Ethiopia,ETH,GDP per capita (constant 2015 US$),NY.GDP.PCAP.KD,785.48497203795
Faroe Islands,FRO,GDP per capita (constant 2015 US$),NY.GDP.PCAP.KD,56099.9689639995
Fiji,FJI,GDP per capita (constant 2015 US$),NY.GDP.PCAP.KD,5679.05182722096
Finland,FIN,GDP per capita (constant 2015 US$),NY.GDP.PCAP.KD,46135.8814242631
France,FRA,GDP per capita (constant 2015 US$),NY.GDP.PCAP.KD,38832.0242014303
French Polynesia,PYF,GDP per capita (constant 2015 US$),NY.GDP.PCAP.KD,19856.2590590838
Gabon,GAB,GDP per capita (constant 2015 US$),NY.GDP.PCAP.KD,6893.32310548088
"Gambia, The",GMB,GDP per capita (constant 2015 US$),NY.GDP.PCAP.KD,668.63512259134
Georgia,GEO,GDP per capita (constant 2015 US$),NY.GDP.PCAP.KD,4975.81148194814
Germany,DEU,GDP per capita (constant 2015 US$),NY.GDP.PCAP.KD,43292.6838917385
Ghana,GHA,GDP per capita (constant 2015 US$),NY.GDP.PCAP.KD,1981.61375988962
Gibraltar,GIB,GDP per capita (constant 2015 US$),NY.GDP.PCAP.KD,..
Greece,GRC,GDP per capita (constant 2015 US$),NY.GDP.PCAP.KD,19017.9964295438
Greenland,GRL,GDP per capita (constant 2015 US$),NY.GDP.PCAP.KD,48170.7896955512
Grenada,GRD,GDP per capita (constant 2015 US$),NY.GDP.PCAP.KD,9247.89838199082
Guam,GUM,GDP per capita (constant 2015 US$),NY.GDP.PCAP.KD,35341.4051332021
Guatemala,GTM,GDP per capita (constant 2015 US$),NY.GDP.PCAP.KD,4263.70844366435
Guinea,GIN,GDP per capita (constant 2015 US$),NY.GDP.PCAP.KD,937.703131488194
Guinea-Bissau,GNB,GDP per capita (constant 2015 US$),NY.GDP.PCAP.KD,699.768327216702
Guyana,GUY,GDP per capita (constant 2015 US$),NY.GDP.PCAP.KD,6348.68368035127
Haiti,HTI,GDP per capita (constant 2015 US$),NY.GDP.PCAP.KD,1387.51490382752
Honduras,HND,GDP per capita (constant 2015 US$),NY.GDP.PCAP.KD,2443.88171835938
"Hong Kong SAR, China",HKG,GDP per capita (constant 2015 US$),NY.GDP.PCAP.KD,44195.2523378549
Hungary,HUN,GDP per capita (constant 2015 US$),NY.GDP.PCAP.KD,15083.5991718742
Iceland,ISL,GDP per capita (constant 2015 US$),NY.GDP.PCAP.KD,57493.4195335925
India,IND,GDP per capita (constant 2015 US$),NY.GDP.PCAP.KD,1944.31484844968
Indonesia,IDN,GDP per capita (constant 2015 US$),NY.GDP.PCAP.KD,3892.42166187369
"Iran, Islamic Rep.",IRN,GDP per capita (constant 2015 US$),NY.GDP.PCAP.KD,5017.11721517534
Iraq,IRQ,GDP per capita (constant 2015 US$),NY.GDP.PCAP.KD,4854.38649618787
Ireland,IRL,GDP per capita (constant 2015 US$),NY.GDP.PCAP.KD,75281.9215322169
Isle of Man,IMN,GDP per capita (constant 2015 US$),NY.GDP.PCAP.KD,95137.3348854037
Israel,ISR,GDP per capita (constant 2015 US$),NY.GDP.PCAP.KD,39591.3687578516
Italy,ITA,GDP per capita (constant 2015 US$),NY.GDP.PCAP.KD,32114.2998563994
Jamaica,JAM,GDP per capita (constant 2015 US$),NY.GDP.PCAP.KD,5307.51034434468
Japan,JPN,GDP per capita (constant 2015 US$),NY.GDP.PCAP.KD,36043.7844013365
Jordan,JOR,GDP per capita (constant 2015 US$),NY.GDP.PCAP.KD,3909.25001726642
Kazakhstan,KAZ,GDP per capita (constant 2015 US$),NY.GDP.PCAP.KD,11402.7584159346
Kenya,KEN,GDP per capita (constant 2015 US$),NY.GDP.PCAP.KD,1653.82898526646
Kiribati,KIR,GDP per capita (constant 2015 US$),NY.GDP.PCAP.KD,1829.22305681577
"Korea, Dem. People's Rep.",PRK,GDP per capita (constant 2015 US$),NY.GDP.PCAP.KD,..
"Korea, Rep.",KOR,GDP per capita (constant 2015 US$),NY.GDP.PCAP.KD,31645.9498343307
Kosovo,XKX,GDP per capita (constant 2015 US$),NY.GDP.PCAP.KD,4219.09759907177
Kuwait,KWT,GDP per capita (constant 2015 US$),NY.GDP.PCAP.KD,26278.7396325411
Kyrgyz Republic,KGZ,GDP per capita (constant 2015 US$),NY.GDP.PCAP.KD,1226.82431155612
Lao PDR,LAO,GDP per capita (constant 2015 US$),NY.GDP.PCAP.KD,2564.01946515237
Latvia,LVA,GDP per capita (constant 2015 US$),NY.GDP.PCAP.KD,15759.0818388809
Lebanon,LBN,GDP per capita (constant 2015 US$),NY.GDP.PCAP.KD,8081.74334362085
Lesotho,LSO,GDP per capita (constant 2015 US$),NY.GDP.PCAP.KD,1033.37116391748
Liberia,LBR,GDP per capita (constant 2015 US$),NY.GDP.PCAP.KD,644.162065213927
Libya,LBY,GDP per capita (constant 2015 US$),NY.GDP.PCAP.KD,9821.66173227168
Liechtenstein,LIE,GDP per capita (constant 2015 US$),NY.GDP.PCAP.KD,..
Lithuania,LTU,GDP per capita (constant 2015 US$),NY.GDP.PCAP.KD,17256.4081521908
Luxembourg,LUX,GDP per capita (constant 2015 US$),NY.GDP.PCAP.KD,107350.626687276
"Macao SAR, China",MAC,GDP per capita (constant 2015 US$),NY.GDP.PCAP.KD,76789.4065769928
Madagascar,MDG,GDP per capita (constant 2015 US$),NY.GDP.PCAP.KD,478.926961352974
Malawi,MWI,GDP per capita (constant 2015 US$),NY.GDP.PCAP.KD,573.400114038594
Malaysia,MYS,GDP per capita (constant 2015 US$),NY.GDP.PCAP.KD,11114.5605305734
Maldives,MDV,GDP per capita (constant 2015 US$),NY.GDP.PCAP.KD,10888.6445610502
Mali,MLI,GDP per capita (constant 2015 US$),NY.GDP.PCAP.KD,779.326624981433
Malta,MLT,GDP per capita (constant 2015 US$),NY.GDP.PCAP.KD,29021.3357939207
Marshall Islands,MHL,GDP per capita (constant 2015 US$),NY.GDP.PCAP.KD,5061.10371299857
Mauritania,MRT,GDP per capita (constant 2015 US$),NY.GDP.PCAP.KD,1635.83999676974
Mauritius,MUS,GDP per capita (constant 2015 US$),NY.GDP.PCAP.KD,10956.9450226163
Mexico,MEX,GDP per capita (constant 2015 US$),NY.GDP.PCAP.KD,10228.980944107
"Micronesia, Fed. Sts.",FSM,GDP per capita (constant 2015 US$),NY.GDP.PCAP.KD,2996.31730468653
Moldova,MDA,GDP per capita (constant 2015 US$),NY.GDP.PCAP.KD,3438.67732670712
Monaco,MCO,GDP per capita (constant 2015 US$),NY.GDP.PCAP.KD,191194.562185505
Mongolia,MNG,GDP per capita (constant 2015 US$),NY.GDP.PCAP.KD,4385.11167680522
Montenegro,MNE,GDP per capita (constant 2015 US$),NY.GDP.PCAP.KD,7684.18397197185
Morocco,MAR,GDP per capita (constant 2015 US$),NY.GDP.PCAP.KD,3355.61328125
Mozambique,MOZ,GDP per capita (constant 2015 US$),NY.GDP.PCAP.KD,608.96363276244
Myanmar,MMR,GDP per capita (constant 2015 US$),NY.GDP.PCAP.KD,1430.13634322583
Namibia,NAM,GDP per capita (constant 2015 US$),NY.GDP.PCAP.KD,4596.61957617524
Nauru,NRU,GDP per capita (constant 2015 US$),NY.GDP.PCAP.KD,7341.86820571878
Nepal,NPL,GDP per capita (constant 2015 US$),NY.GDP.PCAP.KD,1061.48627550472
Netherlands,NLD,GDP per capita (constant 2015 US$),NY.GDP.PCAP.KD,48443.7320540283
New Caledonia,NCL,GDP per capita (constant 2015 US$),NY.GDP.PCAP.KD,..
New Zealand,NZL,GDP per capita (constant 2015 US$),NY.GDP.PCAP.KD,40651.9744673101
Nicaragua,NIC,GDP per capita (constant 2015 US$),NY.GDP.PCAP.KD,1965.2754946487
Niger,NER,GDP per capita (constant 2015 US$),NY.GDP.PCAP.KD,520.934643318794
Nigeria,NGA,GDP per capita (constant 2015 US$),NY.GDP.PCAP.KD,2505.46223905246
North Macedonia,MKD,GDP per capita (constant 2015 US$),NY.GDP.PCAP.KD,5961.58475399191
Northern Mariana Islands,MNP,GDP per capita (constant 2015 US$),NY.GDP.PCAP.KD,20796.0304233721
Norway,NOR,GDP per capita (constant 2015 US$),NY.GDP.PCAP.KD,76712.2871258373
Oman,OMN,GDP per capita (constant 2015 US$),NY.GDP.PCAP.KD,18044.2704535008
Pakistan,PAK,GDP per capita (constant 2015 US$),NY.GDP.PCAP.KD,1626.74886750576
Palau,PLW,GDP per capita (constant 2015 US$),NY.GDP.PCAP.KD,15841.8786324375
Panama,PAN,GDP per capita (constant 2015 US$),NY.GDP.PCAP.KD,15166.8809024504
Papua New Guinea,PNG,GDP per capita (constant 2015 US$),NY.GDP.PCAP.KD,2590.49392420181
Paraguay,PRY,GDP per capita (constant 2015 US$),NY.GDP.PCAP.KD,6229.22489536642
Peru,PER,GDP per capita (constant 2015 US$),NY.GDP.PCAP.KD,6550.44801531118
Philippines,PHL,GDP per capita (constant 2015 US$),NY.GDP.PCAP.KD,3589.61363648629
Poland,POL,GDP per capita (constant 2015 US$),NY.GDP.PCAP.KD,15053.2323676784
Portugal,PRT,GDP per capita (constant 2015 US$),NY.GDP.PCAP.KD,21617.411624379
Puerto Rico,PRI,GDP per capita (constant 2015 US$),NY.GDP.PCAP.KD,30181.1498485361
Qatar,QAT,GDP per capita (constant 2015 US$),NY.GDP.PCAP.KD,59621.3816442612
Romania,ROU,GDP per capita (constant 2015 US$),NY.GDP.PCAP.KD,11252.8856152959
Russian Federation,RUS,GDP per capita (constant 2015 US$),NY.GDP.PCAP.KD,9882.0244140625
Rwanda,RWA,GDP per capita (constant 2015 US$),NY.GDP.PCAP.KD,870.624098750541
Samoa,WSM,GDP per capita (constant 2015 US$),NY.GDP.PCAP.KD,4421.29454588713
San Marino,SMR,GDP per capita (constant 2015 US$),NY.GDP.PCAP.KD,44143.0456414726
Sao Tome and Principe,STP,GDP per capita (constant 2015 US$),NY.GDP.PCAP.KD,1412.66966046381
Saudi Arabia,SAU,GDP per capita (constant 2015 US$),NY.GDP.PCAP.KD,20044.268607689
Senegal,SEN,GDP per capita (constant 2015 US$),NY.GDP.PCAP.KD,1409.97082080725
Serbia,SRB,GDP per capita (constant 2015 US$),NY.GDP.PCAP.KD,6567.90805482597
Seychelles,SYC,GDP per capita (constant 2015 US$),NY.GDP.PCAP.KD,19481.6461053742
Sierra Leone,SLE,GDP per capita (constant 2015 US$),NY.GDP.PCAP.KD,634.985615716206
Singapore,SGP,GDP per capita (constant 2015 US$),NY.GDP.PCAP.KD,61333.6563161696
Sint Maarten (Dutch part),SXM,GDP per capita (constant 2015 US$),NY.GDP.PCAP.KD,34507.7201076267
Slovak Republic,SVK,GDP per capita (constant 2015 US$),NY.GDP.PCAP.KD,18240.9937197683
Slovenia,SVN,GDP per capita (constant 2015 US$),NY.GDP.PCAP.KD,24142.0895708359
Solomon Islands,SLB,GDP per capita (constant 2015 US$),NY.GDP.PCAP.KD,2203.96286598146
Somalia,SOM,GDP per capita (constant 2015 US$),NY.GDP.PCAP.KD,543.612617001802
South Africa,ZAF,GDP per capita (constant 2015 US$),NY.GDP.PCAP.KD,6188.70355773203
South Sudan,SSD,GDP per capita (constant 2015 US$),NY.GDP.PCAP.KD,..
Spain,ESP,GDP per capita (constant 2015 US$),NY.GDP.PCAP.KD,28087.8979203438
Sri Lanka,LKA,GDP per capita (constant 2015 US$),NY.GDP.PCAP.KD,4458.43442725849
St. Kitts and Nevis,KNA,GDP per capita (constant 2015 US$),NY.GDP.PCAP.KD,21919.7815215201
St. Lucia,LCA,GDP per capita (constant 2015 US$),NY.GDP.PCAP.KD,11062.5352454558
St. Martin (French part),MAF,GDP per capita (constant 2015 US$),NY.GDP.PCAP.KD,..
St. Vincent and the Grenadines,VCT,GDP per capita (constant 2015 US$),NY.GDP.PCAP.KD,8225.93643709591
Sudan,SDN,GDP per capita (constant 2015 US$),NY.GDP.PCAP.KD,1186.90600585938
Suriname,SUR,GDP per capita (constant 2015 US$),NY.GDP.PCAP.KD,8756.33028870617
Sweden,SWE,GDP per capita (constant 2015 US$),NY.GDP.PCAP.KD,53490.3518198746
Switzerland,CHE,GDP per capita (constant 2015 US$),NY.GDP.PCAP.KD,87123.6604363226
Syrian Arab Republic,SYR,GDP per capita (constant 2015 US$),NY.GDP.PCAP.KD,781.318333469391
Tajikistan,TJK,GDP per capita (constant 2015 US$),NY.GDP.PCAP.KD,1172.07905437221
Tanzania,TZA,GDP per capita (constant 2015 US$),NY.GDP.PCAP.KD,1039.51049804688
Thailand,THA,GDP per capita (constant 2015 US$),NY.GDP.PCAP.KD,6453.89408036298
Timor-Leste,TLS,GDP per capita (constant 2015 US$),NY.GDP.PCAP.KD,1528.64619551962
Togo,TGO,GDP per capita (constant 2015 US$),NY.GDP.PCAP.KD,832.143394343035
Tonga,TON,GDP per capita (constant 2015 US$),NY.GDP.PCAP.KD,4628.44801274001
Trinidad and Tobago,TTO,GDP per capita (constant 2015 US$),NY.GDP.PCAP.KD,15614.9856041812
Tunisia,TUN,GDP per capita (constant 2015 US$),NY.GDP.PCAP.KD,4094.87794209438
Turkiye,TUR,GDP per capita (constant 2015 US$),NY.GDP.PCAP.KD,12073.8715524618
Turkmenistan,TKM,GDP per capita (constant 2015 US$),NY.GDP.PCAP.KD,7422.36252071934
Turks and Caicos Islands,TCA,GDP per capita (constant 2015 US$),NY.GDP.PCAP.KD,25432.8534289157
Tuvalu,TUV,GDP per capita (constant 2015 US$),NY.GDP.PCAP.KD,4197.24209189716
Uganda,UGA,GDP per capita (constant 2015 US$),NY.GDP.PCAP.KD,922.023174053553
Ukraine,UKR,GDP per capita (constant 2015 US$),NY.GDP.PCAP.KD,2425.634765625
United Arab Emirates,ARE,GDP per capita (constant 2015 US$),NY.GDP.PCAP.KD,43785.4172712311
United Kingdom,GBR,GDP per capita (constant 2015 US$),NY.GDP.PCAP.KD,47240.599622327
United States,USA,GDP per capita (constant 2015 US$),NY.GDP.PCAP.KD,61330.6459767318
Uruguay,URY,GDP per capita (constant 2015 US$),NY.GDP.PCAP.KD,17596.8052697747
Uzbekistan,UZB,GDP per capita (constant 2015 US$),NY.GDP.PCAP.KD,3185.33455578635
Vanuatu,VUT,GDP per capita (constant 2015 US$),NY.GDP.PCAP.KD,2838.98826949984
"Venezuela, RB",VEN,GDP per capita (constant 2015 US$),NY.GDP.PCAP.KD,..
Viet Nam,VNM,GDP per capita (constant 2015 US$),NY.GDP.PCAP.KD,3288.35288950188
Virgin Islands (U.S.),VIR,GDP per capita (constant 2015 US$),NY.GDP.PCAP.KD,36328.068217051
West Bank and Gaza,PSE,GDP per capita (constant 2015 US$),NY.GDP.PCAP.KD,3378.4346209191
"Yemen, Rep.",YEM,GDP per capita (constant 2015 US$),NY.GDP.PCAP.KD,1182.50711087599
Zambia,ZMB,GDP per capita (constant 2015 US$),NY.GDP.PCAP.KD,1310.62222427718
Zimbabwe,ZWE,GDP per capita (constant 2015 US$),NY.GDP.PCAP.KD,1342.98958637234
Africa Eastern and Southern,AFE,GDP per capita (constant 2015 US$),NY.GDP.PCAP.KD,1483.41565936888
Africa Western and Central,AFW,GDP per capita (constant 2015 US$),NY.GDP.PCAP.KD,1841.43611582242
Arab World,ARB,GDP per capita (constant 2015 US$),NY.GDP.PCAP.KD,6324.08975235336
Caribbean small states,CSS,GDP per capita (constant 2015 US$),NY.GDP.PCAP.KD,11898.6645175696
Central Europe and the Baltics,CEB,GDP per capita (constant 2015 US$),NY.GDP.PCAP.KD,14877.710568059
Early-demographic dividend,EAR,GDP per capita (constant 2015 US$),NY.GDP.PCAP.KD,3566.648876978
East Asia & Pacific,EAS,GDP per capita (constant 2015 US$),NY.GDP.PCAP.KD,11189.0858667486
East Asia & Pacific (excluding high income),EAP,GDP per capita (constant 2015 US$),NY.GDP.PCAP.KD,8104.87331857854
East Asia & Pacific (IDA & IBRD countries),TEA,GDP per capita (constant 2015 US$),NY.GDP.PCAP.KD,8194.96474827063
Euro area,EMU,GDP per capita (constant 2015 US$),NY.GDP.PCAP.KD,36586.0235057689
Europe & Central Asia,ECS,GDP per capita (constant 2015 US$),NY.GDP.PCAP.KD,24242.0406418536
Europe & Central Asia (excluding high income),ECA,GDP per capita (constant 2015 US$),NY.GDP.PCAP.KD,7021.20685737201
Europe & Central Asia (IDA & IBRD countries),TEC,GDP per capita (constant 2015 US$),NY.GDP.PCAP.KD,8898.25888951877
European Union,EUU,GDP per capita (constant 2015 US$),NY.GDP.PCAP.KD,33015.6514076378
Fragile and conflict affected situations,FCS,GDP per capita (constant 2015 US$),NY.GDP.PCAP.KD,1862.88631973108
Heavily indebted poor countries (HIPC),HPC,GDP per capita (constant 2015 US$),NY.GDP.PCAP.KD,976.835707537181
High income,HIC,GDP per capita (constant 2015 US$),NY.GDP.PCAP.KD,38982.2404904257
IBRD only,IBD,GDP per capita (constant 2015 US$),NY.GDP.PCAP.KD,6419.69001259911
IDA & IBRD total,IBT,GDP per capita (constant 2015 US$),NY.GDP.PCAP.KD,5114.02261987134
IDA blend,IDB,GDP per capita (constant 2015 US$),NY.GDP.PCAP.KD,2058.36656067917
IDA only,IDX,GDP per capita (constant 2015 US$),NY.GDP.PCAP.KD,1148.45092270625
IDA total,IDA,GDP per capita (constant 2015 US$),NY.GDP.PCAP.KD,1450.69406151116
Late-demographic dividend,LTE,GDP per capita (constant 2015 US$),NY.GDP.PCAP.KD,9745.8201011099
Latin America & Caribbean,LCN,GDP per capita (constant 2015 US$),NY.GDP.PCAP.KD,8722.92390071137
Latin America & Caribbean (excluding high income),LAC,GDP per capita (constant 2015 US$),NY.GDP.PCAP.KD,8255.77244738006
Latin America & the Caribbean (IDA & IBRD countries),TLA,GDP per capita (constant 2015 US$),NY.GDP.PCAP.KD,8585.9680078824
Least developed countries: UN classification,LDC,GDP per capita (constant 2015 US$),NY.GDP.PCAP.KD,1045.54017677212
Low & middle income,LMY,GDP per capita (constant 2015 US$),NY.GDP.PCAP.KD,4829.22127974888
Low income,LIC,GDP per capita (constant 2015 US$),NY.GDP.PCAP.KD,726.831050395544
Lower middle income,LMC,GDP per capita (constant 2015 US$),NY.GDP.PCAP.KD,2141.44257195502
Middle East & North Africa,MEA,GDP per capita (constant 2015 US$),NY.GDP.PCAP.KD,7461.95208671173
Middle East & North Africa (excluding high income),MNA,GDP per capita (constant 2015 US$),NY.GDP.PCAP.KD,4032.91838473165
Middle East & North Africa (IDA & IBRD countries),TMN,GDP per capita (constant 2015 US$),NY.GDP.PCAP.KD,4040.57353949193
Middle income,MIC,GDP per capita (constant 2015 US$),NY.GDP.PCAP.KD,5298.1782058913
North America,NAC,GDP per capita (constant 2015 US$),NY.GDP.PCAP.KD,59670.4823129085
Not classified,INX,GDP per capita (constant 2015 US$),NY.GDP.PCAP.KD,..
OECD members,OED,GDP per capita (constant 2015 US$),NY.GDP.PCAP.KD,37993.0201510682
Other small states,OSS,GDP per capita (constant 2015 US$),NY.GDP.PCAP.KD,12993.1280622265
Pacific island small states,PSS,GDP per capita (constant 2015 US$),NY.GDP.PCAP.KD,4020.69654913742
Post-demographic dividend,PST,GDP per capita (constant 2015 US$),NY.GDP.PCAP.KD,43546.4321112168
Pre-demographic dividend,PRE,GDP per capita (constant 2015 US$),NY.GDP.PCAP.KD,1503.92767148439
Small states,SST,GDP per capita (constant 2015 US$),NY.GDP.PCAP.KD,11644.2935712562
South Asia,SAS,GDP per capita (constant 2015 US$),NY.GDP.PCAP.KD,1862.63401440969
South Asia (IDA & IBRD),TSA,GDP per capita (constant 2015 US$),NY.GDP.PCAP.KD,1862.63401440969
Sub-Saharan Africa,SSF,GDP per capita (constant 2015 US$),NY.GDP.PCAP.KD,1628.43906622736
Sub-Saharan Africa (excluding high income),SSA,GDP per capita (constant 2015 US$),NY.GDP.PCAP.KD,1626.88490231094
Sub-Saharan Africa (IDA & IBRD countries),TSS,GDP per capita (constant 2015 US$),NY.GDP.PCAP.KD,1628.43906622736
Upper middle income,UMC,GDP per capita (constant 2015 US$),NY.GDP.PCAP.KD,8603.36537634335
World,WLD,GDP per capita (constant 2015 US$),NY.GDP.PCAP.KD,10976.6187490865
,,,,
,,,,
,,,,
Data from database: World Development Indicators,,,,
Last Updated: 09/19/2024,,,,
